{
    "loss": 0.09997811913490295,
    "accuracy": 0.9354838728904724
}