{
    "loss": 0.14645054936408997,
    "accuracy": 0.9569892287254333
}