{
    "loss": 0.22050632536411285,
    "accuracy": 0.8817204236984253
}